variant_id,gene,significance,SPLICE_JUNCTIONS,SPLICE_SITES,SPLICE_SITE_USAGE,alphagenome_splicing,splicing_risk
chr13:32319118:T>G,BRCA2,Uncertain significance,0.11846924,0.00390625,0.015625,0.0432251,LOW
chr13:32337458:G>T,BRCA2,Pathogenic,0.031143188,0.005859375,0.01171875,0.023806762,LOW
chr13:32338388:G>A,BRCA2,Conflicting classifications of pathogenicity,0.03729248,0.0078125,0.0078125,0.023083497,LOW
chr13:32339627:A>G,BRCA2,Conflicting classifications of pathogenicity,0.037994385,0.005859375,0.013671875,0.027130127,LOW
chr13:32339735:G>A,BRCA2,Conflicting classifications of pathogenicity,0.03237915,0.0048828125,0.01171875,0.023077393,LOW
chr13:32340260:G>A,BRCA2,Conflicting classifications of pathogenicity,0.037231445,0.005859375,0.009765625,0.023071289,LOW
chr13:32357935:C>T,BRCA2,Conflicting classifications of pathogenicity,0.051330566,0.0053710938,0.015625,0.031262208,LOW
chr13:32379431:C>A,BRCA2,Uncertain significance,0.12902832,0.00390625,0.01171875,0.041430663,LOW
chr13:32394749:G>A,BRCA2,Pathogenic,0.69970703,0.013671875,0.0234375,0.17705078,LOW
chr13:32398387:C>G,BRCA2,Uncertain significance,0.03149414,0.011627197,0.01171875,0.029644776,LOW
chr17:43051110:C>G,BRCA1,Conflicting classifications of pathogenicity,0.5390625,0.022064447,0.015625,0.14550194,LOW
chr17:43071124:G>A,BRCA1,Uncertain significance,0.04333496,0.0078125,0.0078125,0.024291992,LOW
chr17:43076605:G>A,BRCA1,Uncertain significance,2.9746094,0.51953125,0.4580078,1.5724609,HIGH
chr17:43092314:C>T,BRCA1,Conflicting classifications of pathogenicity,0.0541687,0.009765625,0.01171875,0.032318115,LOW
chr17:43092865:G>C,BRCA1,Uncertain significance,0.02961731,0.005859375,0.0078125,0.019595336,LOW
chr17:43093647:A>C,BRCA1,Conflicting classifications of pathogenicity,0.027526855,0.009765625,0.01171875,0.026989747,LOW
chr17:43094561:T>C,BRCA1,Conflicting classifications of pathogenicity,1.4677734,0.11495972,0.01171875,0.42023316,LOW
chr17:43094763:C>G,BRCA1,Conflicting classifications of pathogenicity,0.44702148,0.022460938,0.01171875,0.12358399,LOW
chr17:43104174:T>A,BRCA1,Uncertain significance,0.045440674,0.0078125,0.01171875,0.028619384,LOW
chr17:43104949:G>A,BRCA1,Pathogenic,2.4472656,0.072265625,0.23632812,0.7980469,MODERATE
